customer_id,test_group,converted,communication
1,0,0,Email
2,1,0,WhatsApp
3,1,1,Email
4,1,1,WhatsApp
5,0,0,Email
6,0,0,WhatsApp
7,0,0,Email
8,1,1,WhatsApp
9,0,0,Email
10,0,0,WhatsApp
11,1,0,Email
12,1,1,WhatsApp
13,0,0,Email
14,1,1,WhatsApp
15,0,0,Email
16,0,1,WhatsApp
17,1,0,Email
18,1,1,WhatsApp
19,0,0,Email
20,1,0,WhatsApp
21,0,0,Email
22,1,1,WhatsApp
23,1,0,Email
24,1,1,WhatsApp
25,0,0,Email
26,0,0,WhatsApp
27,0,0,Email
28,1,1,WhatsApp
29,0,0,Email
30,1,1,WhatsApp
31,0,0,Email
32,1,1,WhatsApp
33,0,0,Email
34,0,1,WhatsApp
35,0,0,Email
36,0,0,WhatsApp
37,0,0,Email
38,0,0,WhatsApp
39,1,1,Email
40,1,0,WhatsApp
41,1,0,Email
42,1,1,WhatsApp
43,0,0,Email
44,1,0,WhatsApp
45,1,1,Email
46,0,0,WhatsApp
47,1,1,Email
48,0,0,WhatsApp
49,0,0,Email
50,0,0,WhatsApp
51,0,0,Email
52,1,0,WhatsApp
53,1,0,Email
54,1,0,WhatsApp
55,0,1,Email
56,1,1,WhatsApp
57,1,1,Email
58,1,0,WhatsApp
59,0,0,Email
60,1,1,WhatsApp
61,0,1,Email
62,0,0,WhatsApp
63,1,0,Email
64,1,0,WhatsApp
65,1,1,Email
66,1,0,WhatsApp
67,0,0,Email
68,0,0,WhatsApp
69,1,0,Email
70,1,1,WhatsApp
71,1,0,Email
72,1,1,WhatsApp
73,0,0,Email
74,1,0,WhatsApp
75,0,0,Email
76,0,0,WhatsApp
77,0,0,Email
78,0,1,WhatsApp
79,0,0,Email
80,1,0,WhatsApp
81,1,0,Email
82,1,0,WhatsApp
83,1,1,Email
84,1,1,WhatsApp
85,0,1,Email
86,1,0,WhatsApp
87,0,0,Email
88,1,1,WhatsApp
89,0,0,Email
90,1,1,WhatsApp
91,0,0,Email
92,0,0,WhatsApp
93,0,0,Email
94,0,0,WhatsApp
95,0,0,Email
96,1,1,WhatsApp
97,1,0,Email
98,0,1,WhatsApp
99,1,1,Email
100,1,1,WhatsApp
101,0,0,Email
102,1,1,WhatsApp
103,0,0,Email
104,1,1,WhatsApp
105,0,0,Email
106,1,0,WhatsApp
107,1,0,Email
108,1,1,WhatsApp
109,1,0,Email
110,1,1,WhatsApp
111,0,0,Email
112,0,0,WhatsApp
113,0,0,Email
114,0,0,WhatsApp
115,1,0,Email
116,1,1,WhatsApp
117,1,0,Email
118,0,0,WhatsApp
119,1,0,Email
120,1,1,WhatsApp
121,1,1,Email
122,1,0,WhatsApp
123,0,0,Email
124,1,0,WhatsApp
125,1,1,Email
126,0,1,WhatsApp
127,0,0,Email
128,0,0,WhatsApp
129,0,0,Email
130,1,0,WhatsApp
131,1,0,Email
132,1,1,WhatsApp
133,1,0,Email
134,0,0,WhatsApp
135,1,0,Email
136,1,1,WhatsApp
137,1,0,Email
138,0,0,WhatsApp
139,0,0,Email
140,1,0,WhatsApp
141,0,0,Email
142,0,0,WhatsApp
143,0,0,Email
144,1,1,WhatsApp
145,1,0,Email
146,0,0,WhatsApp
147,0,0,Email
148,1,1,WhatsApp
149,0,0,Email
150,1,1,WhatsApp
151,0,0,Email
152,1,0,WhatsApp
153,1,0,Email
154,0,0,WhatsApp
155,1,0,Email
156,1,0,WhatsApp
157,0,0,Email
158,0,1,WhatsApp
159,0,1,Email
160,1,1,WhatsApp
161,1,0,Email
162,0,0,WhatsApp
163,1,0,Email
164,0,0,WhatsApp
165,1,0,Email
166,1,0,WhatsApp
167,1,0,Email
168,0,0,WhatsApp
169,0,0,Email
170,1,1,WhatsApp
171,1,0,Email
172,1,0,WhatsApp
173,1,0,Email
174,0,0,WhatsApp
175,0,0,Email
176,0,0,WhatsApp
177,1,0,Email
178,0,0,WhatsApp
179,1,0,Email
180,1,1,WhatsApp
181,0,1,Email
182,0,0,WhatsApp
183,0,0,Email
184,0,0,WhatsApp
185,0,0,Email
186,0,0,WhatsApp
187,0,0,Email
188,1,0,WhatsApp
189,1,0,Email
190,1,0,WhatsApp
191,1,1,Email
192,1,1,WhatsApp
193,0,1,Email
194,1,1,WhatsApp
195,1,1,Email
196,0,0,WhatsApp
197,1,1,Email
198,1,0,WhatsApp
199,1,1,Email
200,0,1,WhatsApp
201,0,0,Email
202,0,0,WhatsApp
203,0,0,Email
204,1,1,WhatsApp
205,0,1,Email
206,1,0,WhatsApp
207,0,0,Email
208,1,1,WhatsApp
209,1,1,Email
210,0,1,WhatsApp
211,0,0,Email
212,0,0,WhatsApp
213,0,0,Email
214,0,0,WhatsApp
215,1,1,Email
216,0,0,WhatsApp
217,1,0,Email
218,1,0,WhatsApp
219,0,0,Email
220,0,0,WhatsApp
221,1,0,Email
222,0,0,WhatsApp
223,1,0,Email
224,0,0,WhatsApp
225,1,0,Email
226,0,0,WhatsApp
227,1,1,Email
228,1,1,WhatsApp
229,0,0,Email
230,0,0,WhatsApp
231,1,1,Email
232,1,1,WhatsApp
233,1,0,Email
234,0,0,WhatsApp
235,0,0,Email
236,1,0,WhatsApp
237,1,1,Email
238,0,0,WhatsApp
239,1,1,Email
240,0,0,WhatsApp
241,1,0,Email
242,1,1,WhatsApp
243,1,0,Email
244,1,0,WhatsApp
245,1,1,Email
246,0,0,WhatsApp
247,0,0,Email
248,0,0,WhatsApp
249,1,1,Email
250,1,1,WhatsApp
251,1,0,Email
252,1,0,WhatsApp
253,0,0,Email
254,1,0,WhatsApp
255,0,0,Email
256,0,1,WhatsApp
257,0,1,Email
258,0,0,WhatsApp
259,1,1,Email
260,1,0,WhatsApp
261,1,0,Email
262,0,0,WhatsApp
263,1,0,Email
264,1,0,WhatsApp
265,1,0,Email
266,1,1,WhatsApp
267,0,0,Email
268,1,1,WhatsApp
269,1,1,Email
270,0,0,WhatsApp
271,1,1,Email
272,1,0,WhatsApp
273,0,0,Email
274,1,0,WhatsApp
275,0,1,Email
276,1,1,WhatsApp
277,1,0,Email
278,1,0,WhatsApp
279,1,1,Email
280,0,0,WhatsApp
281,0,0,Email
282,0,0,WhatsApp
283,0,0,Email
284,1,1,WhatsApp
285,1,1,Email
286,0,0,WhatsApp
287,0,0,Email
288,0,0,WhatsApp
289,0,0,Email
290,0,0,WhatsApp
291,1,1,Email
292,1,0,WhatsApp
293,0,0,Email
294,0,0,WhatsApp
295,0,0,Email
296,0,1,WhatsApp
297,1,1,Email
298,1,1,WhatsApp
299,1,0,Email
300,1,0,WhatsApp
301,0,0,Email
302,0,0,WhatsApp
303,0,0,Email
304,0,0,WhatsApp
305,0,0,Email
306,1,0,WhatsApp
307,1,1,Email
308,0,1,WhatsApp
309,1,1,Email
310,0,0,WhatsApp
311,0,0,Email
312,1,0,WhatsApp
313,1,1,Email
314,0,0,WhatsApp
315,0,0,Email
316,0,1,WhatsApp
317,0,0,Email
318,0,0,WhatsApp
319,0,0,Email
320,0,0,WhatsApp
321,1,1,Email
322,0,0,WhatsApp
323,0,0,Email
324,1,0,WhatsApp
325,0,0,Email
326,1,0,WhatsApp
327,1,0,Email
328,0,0,WhatsApp
329,1,1,Email
330,0,0,WhatsApp
331,1,1,Email
332,0,1,WhatsApp
333,0,0,Email
334,1,0,WhatsApp
335,1,0,Email
336,0,0,WhatsApp
337,1,1,Email
338,1,1,WhatsApp
339,0,0,Email
340,1,1,WhatsApp
341,1,0,Email
342,0,0,WhatsApp
343,0,0,Email
344,0,0,WhatsApp
345,1,0,Email
346,0,0,WhatsApp
347,1,1,Email
348,0,0,WhatsApp
349,0,0,Email
350,1,0,WhatsApp
351,1,1,Email
352,0,0,WhatsApp
353,1,0,Email
354,0,0,WhatsApp
355,0,0,Email
356,1,0,WhatsApp
357,0,0,Email
358,1,0,WhatsApp
359,0,1,Email
360,0,0,WhatsApp
361,1,1,Email
362,0,0,WhatsApp
363,1,0,Email
364,1,0,WhatsApp
365,1,1,Email
366,1,0,WhatsApp
367,0,0,Email
368,0,1,WhatsApp
369,1,1,Email
370,1,1,WhatsApp
371,1,0,Email
372,1,0,WhatsApp
373,0,0,Email
374,1,0,WhatsApp
375,0,0,Email
376,1,1,WhatsApp
377,1,0,Email
378,0,1,WhatsApp
379,0,0,Email
380,0,0,WhatsApp
381,0,0,Email
382,0,0,WhatsApp
383,1,1,Email
384,1,0,WhatsApp
385,1,0,Email
386,0,0,WhatsApp
387,1,1,Email
388,0,0,WhatsApp
389,1,1,Email
390,0,0,WhatsApp
391,1,0,Email
392,0,0,WhatsApp
393,1,1,Email
394,0,0,WhatsApp
395,0,1,Email
396,0,0,WhatsApp
397,0,0,Email
398,0,0,WhatsApp
399,1,0,Email
400,1,1,WhatsApp
401,0,0,Email
402,0,0,WhatsApp
403,1,0,Email
404,1,1,WhatsApp
405,1,1,Email
406,1,0,WhatsApp
407,0,0,Email
408,0,0,WhatsApp
409,1,0,Email
410,0,0,WhatsApp
411,0,0,Email
412,1,1,WhatsApp
413,0,0,Email
414,0,0,WhatsApp
415,0,0,Email
416,0,0,WhatsApp
417,0,0,Email
418,0,0,WhatsApp
419,0,0,Email
420,0,0,WhatsApp
421,1,0,Email
422,1,0,WhatsApp
423,0,0,Email
424,1,0,WhatsApp
425,0,0,Email
426,1,0,WhatsApp
427,0,0,Email
428,1,0,WhatsApp
429,0,0,Email
430,1,1,WhatsApp
431,1,0,Email
432,0,0,WhatsApp
433,0,0,Email
434,1,0,WhatsApp
435,1,0,Email
436,0,0,WhatsApp
437,1,1,Email
438,1,1,WhatsApp
439,0,0,Email
440,1,0,WhatsApp
441,0,1,Email
442,1,0,WhatsApp
443,0,0,Email
444,1,1,WhatsApp
445,1,1,Email
446,0,0,WhatsApp
447,1,1,Email
448,0,0,WhatsApp
449,1,0,Email
450,0,0,WhatsApp
451,0,1,Email
452,1,0,WhatsApp
453,0,0,Email
454,1,0,WhatsApp
455,1,0,Email
456,0,0,WhatsApp
457,0,0,Email
458,0,0,WhatsApp
459,1,1,Email
460,0,0,WhatsApp
461,0,0,Email
462,1,1,WhatsApp
463,1,1,Email
464,1,0,WhatsApp
465,0,0,Email
466,1,0,WhatsApp
467,0,0,Email
468,0,0,WhatsApp
469,0,0,Email
470,1,0,WhatsApp
471,0,0,Email
472,1,0,WhatsApp
473,0,1,Email
474,0,0,WhatsApp
475,1,1,Email
476,1,1,WhatsApp
477,1,1,Email
478,0,0,WhatsApp
479,0,0,Email
480,0,0,WhatsApp
481,0,0,Email
482,1,1,WhatsApp
483,1,0,Email
484,0,0,WhatsApp
485,0,0,Email
486,1,0,WhatsApp
487,0,0,Email
488,0,0,WhatsApp
489,1,0,Email
490,0,0,WhatsApp
491,1,0,Email
492,1,0,WhatsApp
493,1,1,Email
494,1,0,WhatsApp
495,1,1,Email
496,0,0,WhatsApp
497,0,1,Email
498,0,0,WhatsApp
499,1,0,Email
500,0,0,WhatsApp
501,1,1,Email
502,0,0,WhatsApp
503,1,0,Email
504,1,0,WhatsApp
505,1,0,Email
506,1,0,WhatsApp
507,1,0,Email
508,0,0,WhatsApp
509,0,0,Email
510,0,0,WhatsApp
511,1,0,Email
512,0,0,WhatsApp
513,1,0,Email
514,0,0,WhatsApp
515,0,0,Email
516,0,0,WhatsApp
517,0,0,Email
518,0,0,WhatsApp
519,0,0,Email
520,1,0,WhatsApp
521,1,0,Email
522,1,0,WhatsApp
523,1,1,Email
524,1,0,WhatsApp
525,1,0,Email
526,0,0,WhatsApp
527,1,0,Email
528,0,0,WhatsApp
529,0,0,Email
530,0,1,WhatsApp
531,0,0,Email
532,1,0,WhatsApp
533,0,0,Email
534,0,0,WhatsApp
535,1,0,Email
536,1,1,WhatsApp
537,1,0,Email
538,1,0,WhatsApp
539,1,1,Email
540,1,0,WhatsApp
541,0,0,Email
542,0,0,WhatsApp
543,0,0,Email
544,0,0,WhatsApp
545,0,0,Email
546,0,0,WhatsApp
547,0,0,Email
548,1,0,WhatsApp
549,0,0,Email
550,0,1,WhatsApp
551,1,0,Email
552,1,0,WhatsApp
553,0,0,Email
554,1,1,WhatsApp
555,0,0,Email
556,0,1,WhatsApp
557,0,0,Email
558,1,0,WhatsApp
559,1,1,Email
560,0,1,WhatsApp
561,0,0,Email
562,0,0,WhatsApp
563,1,0,Email
564,0,0,WhatsApp
565,1,0,Email
566,1,0,WhatsApp
567,1,1,Email
568,0,0,WhatsApp
569,0,0,Email
570,0,0,WhatsApp
571,1,0,Email
572,0,0,WhatsApp
573,1,0,Email
574,0,0,WhatsApp
575,0,0,Email
576,0,0,WhatsApp
577,0,0,Email
578,1,1,WhatsApp
579,0,1,Email
580,0,0,WhatsApp
581,0,0,Email
582,1,1,WhatsApp
583,0,0,Email
584,0,0,WhatsApp
585,0,0,Email
586,0,1,WhatsApp
587,0,0,Email
588,0,0,WhatsApp
589,1,0,Email
590,0,0,WhatsApp
591,0,0,Email
592,0,0,WhatsApp
593,0,0,Email
594,1,1,WhatsApp
595,0,0,Email
596,1,1,WhatsApp
597,1,1,Email
598,0,0,WhatsApp
599,1,1,Email
600,1,1,WhatsApp
601,1,0,Email
602,1,0,WhatsApp
603,0,0,Email
604,1,1,WhatsApp
605,1,1,Email
606,1,1,WhatsApp
607,0,0,Email
608,1,0,WhatsApp
609,0,1,Email
610,1,0,WhatsApp
611,0,0,Email
612,0,0,WhatsApp
613,1,0,Email
614,1,1,WhatsApp
615,0,0,Email
616,1,1,WhatsApp
617,0,0,Email
618,0,0,WhatsApp
619,0,0,Email
620,1,1,WhatsApp
621,1,1,Email
622,1,0,WhatsApp
623,1,1,Email
624,1,0,WhatsApp
625,0,0,Email
626,0,0,WhatsApp
627,0,0,Email
628,0,0,WhatsApp
629,1,0,Email
630,1,0,WhatsApp
631,0,0,Email
632,0,0,WhatsApp
633,0,0,Email
634,0,0,WhatsApp
635,1,0,Email
636,0,0,WhatsApp
637,1,1,Email
638,0,0,WhatsApp
639,1,0,Email
640,1,1,WhatsApp
641,0,1,Email
642,0,0,WhatsApp
643,0,0,Email
644,1,0,WhatsApp
645,0,0,Email
646,0,0,WhatsApp
647,0,0,Email
648,0,0,WhatsApp
649,1,1,Email
650,0,0,WhatsApp
651,1,1,Email
652,1,0,WhatsApp
653,0,1,Email
654,1,0,WhatsApp
655,1,0,Email
656,0,0,WhatsApp
657,1,0,Email
658,1,0,WhatsApp
659,0,0,Email
660,0,0,WhatsApp
661,1,1,Email
662,1,0,WhatsApp
663,0,1,Email
664,0,0,WhatsApp
665,1,0,Email
666,1,0,WhatsApp
667,1,1,Email
668,1,0,WhatsApp
669,0,0,Email
670,1,0,WhatsApp
671,0,0,Email
672,0,0,WhatsApp
673,1,1,Email
674,0,0,WhatsApp
675,1,0,Email
676,1,0,WhatsApp
677,1,0,Email
678,1,0,WhatsApp
679,0,0,Email
680,0,0,WhatsApp
681,1,1,Email
682,1,0,WhatsApp
683,0,0,Email
684,0,0,WhatsApp
685,0,0,Email
686,0,0,WhatsApp
687,0,0,Email
688,1,1,WhatsApp
689,1,0,Email
690,1,0,WhatsApp
691,0,0,Email
692,0,0,WhatsApp
693,0,0,Email
694,1,1,WhatsApp
695,0,1,Email
696,1,0,WhatsApp
697,0,0,Email
698,0,0,WhatsApp
699,0,0,Email
700,0,0,WhatsApp
701,0,0,Email
702,1,0,WhatsApp
703,0,0,Email
704,0,0,WhatsApp
705,1,0,Email
706,0,0,WhatsApp
707,0,0,Email
708,0,0,WhatsApp
709,1,0,Email
710,1,0,WhatsApp
711,1,0,Email
712,1,0,WhatsApp
713,1,0,Email
714,1,0,WhatsApp
715,1,0,Email
716,0,0,WhatsApp
717,1,0,Email
718,0,0,WhatsApp
719,0,0,Email
720,0,0,WhatsApp
721,1,1,Email
722,1,1,WhatsApp
723,0,0,Email
724,0,0,WhatsApp
725,1,1,Email
726,0,0,WhatsApp
727,0,1,Email
728,0,0,WhatsApp
729,0,0,Email
730,1,0,WhatsApp
731,1,0,Email
732,0,0,WhatsApp
733,1,1,Email
734,1,1,WhatsApp
735,1,0,Email
736,1,1,WhatsApp
737,0,0,Email
738,1,0,WhatsApp
739,0,0,Email
740,1,0,WhatsApp
741,0,0,Email
742,1,0,WhatsApp
743,0,1,Email
744,1,0,WhatsApp
745,0,0,Email
746,1,1,WhatsApp
747,0,0,Email
748,0,0,WhatsApp
749,1,1,Email
750,1,0,WhatsApp
751,0,0,Email
752,1,0,WhatsApp
753,1,0,Email
754,0,0,WhatsApp
755,1,0,Email
756,1,1,WhatsApp
757,1,1,Email
758,1,1,WhatsApp
759,0,0,Email
760,0,0,WhatsApp
761,1,1,Email
762,0,0,WhatsApp
763,1,0,Email
764,1,1,WhatsApp
765,0,0,Email
766,1,1,WhatsApp
767,1,0,Email
768,0,0,WhatsApp
769,1,1,Email
770,0,1,WhatsApp
771,0,0,Email
772,0,1,WhatsApp
773,0,0,Email
774,1,0,WhatsApp
775,1,0,Email
776,1,1,WhatsApp
777,0,0,Email
778,1,1,WhatsApp
779,1,0,Email
780,0,0,WhatsApp
781,1,1,Email
782,1,1,WhatsApp
783,0,0,Email
784,0,0,WhatsApp
785,0,0,Email
786,0,0,WhatsApp
787,0,0,Email
788,0,0,WhatsApp
789,1,1,Email
790,0,0,WhatsApp
791,1,1,Email
792,1,1,WhatsApp
793,1,0,Email
794,1,1,WhatsApp
795,1,0,Email
796,0,0,WhatsApp
797,1,1,Email
798,0,0,WhatsApp
799,1,1,Email
800,0,0,WhatsApp
801,0,0,Email
802,1,0,WhatsApp
803,0,0,Email
804,1,0,WhatsApp
805,1,1,Email
806,0,0,WhatsApp
807,1,1,Email
808,0,0,WhatsApp
809,0,0,Email
810,1,1,WhatsApp
811,0,1,Email
812,1,0,WhatsApp
813,1,0,Email
814,1,0,WhatsApp
815,0,0,Email
816,0,0,WhatsApp
817,1,0,Email
818,0,1,WhatsApp
819,1,1,Email
820,0,0,WhatsApp
821,1,0,Email
822,0,0,WhatsApp
823,0,0,Email
824,0,1,WhatsApp
825,0,0,Email
826,1,1,WhatsApp
827,0,0,Email
828,1,1,WhatsApp
829,1,1,Email
830,1,0,WhatsApp
831,1,0,Email
832,0,0,WhatsApp
833,0,1,Email
834,1,0,WhatsApp
835,1,0,Email
836,1,0,WhatsApp
837,0,1,Email
838,0,0,WhatsApp
839,0,1,Email
840,1,0,WhatsApp
841,1,0,Email
842,0,0,WhatsApp
843,0,0,Email
844,1,0,WhatsApp
845,0,0,Email
846,0,0,WhatsApp
847,1,0,Email
848,1,0,WhatsApp
849,0,0,Email
850,1,0,WhatsApp
851,0,0,Email
852,1,0,WhatsApp
853,1,1,Email
854,1,0,WhatsApp
855,1,0,Email
856,1,1,WhatsApp
857,0,0,Email
858,1,0,WhatsApp
859,0,1,Email
860,1,0,WhatsApp
861,0,0,Email
862,0,0,WhatsApp
863,1,0,Email
864,1,1,WhatsApp
865,1,0,Email
866,1,1,WhatsApp
867,0,0,Email
868,1,0,WhatsApp
869,0,0,Email
870,0,1,WhatsApp
871,0,0,Email
872,0,0,WhatsApp
873,0,0,Email
874,1,1,WhatsApp
875,0,0,Email
876,1,1,WhatsApp
877,1,1,Email
878,0,1,WhatsApp
879,0,0,Email
880,0,0,WhatsApp
881,1,1,Email
882,0,0,WhatsApp
883,1,1,Email
884,0,0,WhatsApp
885,1,0,Email
886,0,0,WhatsApp
887,1,0,Email
888,1,0,WhatsApp
889,1,0,Email
890,1,1,WhatsApp
891,1,0,Email
892,1,1,WhatsApp
893,1,1,Email
894,0,0,WhatsApp
895,1,0,Email
896,0,0,WhatsApp
897,0,0,Email
898,1,1,WhatsApp
899,1,1,Email
900,0,0,WhatsApp
901,0,0,Email
902,0,1,WhatsApp
903,1,0,Email
904,1,0,WhatsApp
905,0,0,Email
906,1,0,WhatsApp
907,0,0,Email
908,1,0,WhatsApp
909,0,0,Email
910,1,0,WhatsApp
911,1,1,Email
912,0,0,WhatsApp
913,1,1,Email
914,1,1,WhatsApp
915,0,0,Email
916,1,0,WhatsApp
917,1,0,Email
918,0,0,WhatsApp
919,0,0,Email
920,1,0,WhatsApp
921,0,1,Email
922,0,0,WhatsApp
923,0,0,Email
924,1,1,WhatsApp
925,0,0,Email
926,1,0,WhatsApp
927,0,0,Email
928,0,0,WhatsApp
929,0,1,Email
930,1,0,WhatsApp
931,1,0,Email
932,0,1,WhatsApp
933,1,1,Email
934,0,0,WhatsApp
935,1,1,Email
936,0,0,WhatsApp
937,0,0,Email
938,0,0,WhatsApp
939,1,0,Email
940,0,1,WhatsApp
941,1,0,Email
942,1,0,WhatsApp
943,1,0,Email
944,0,0,WhatsApp
945,1,1,Email
946,1,0,WhatsApp
947,1,1,Email
948,1,0,WhatsApp
949,0,0,Email
950,1,1,WhatsApp
951,1,0,Email
952,1,0,WhatsApp
953,1,0,Email
954,0,0,WhatsApp
955,0,0,Email
956,0,0,WhatsApp
957,0,0,Email
958,0,0,WhatsApp
959,1,0,Email
960,1,0,WhatsApp
961,0,0,Email
962,1,1,WhatsApp
963,0,0,Email
964,1,0,WhatsApp
965,0,0,Email
966,0,0,WhatsApp
967,0,0,Email
968,0,0,WhatsApp
969,1,1,Email
970,1,0,WhatsApp
971,0,0,Email
972,0,0,WhatsApp
973,0,0,Email
974,1,1,WhatsApp
975,0,0,Email
976,0,0,WhatsApp
977,0,0,Email
978,1,0,WhatsApp
979,1,1,Email
980,1,1,WhatsApp
981,0,0,Email
982,1,0,WhatsApp
983,1,0,Email
984,1,0,WhatsApp
985,1,1,Email
986,1,1,WhatsApp
987,1,0,Email
988,1,0,WhatsApp
989,0,0,Email
990,0,0,WhatsApp
991,1,0,Email
992,1,1,WhatsApp
993,0,0,Email
994,1,0,WhatsApp
995,0,0,Email
996,0,0,WhatsApp
997,1,1,Email
998,0,0,WhatsApp
999,0,1,Email
1000,1,1,WhatsApp
1001,1,1,Email
1002,0,0,WhatsApp
1003,1,0,Email
1004,1,0,WhatsApp
1005,0,0,Email
1006,1,1,WhatsApp
1007,0,0,Email
1008,0,0,WhatsApp
1009,0,0,Email
1010,0,0,WhatsApp
1011,1,1,Email
1012,0,0,WhatsApp
1013,1,0,Email
1014,0,0,WhatsApp
1015,0,0,Email
1016,1,0,WhatsApp
1017,1,1,Email
1018,0,0,WhatsApp
1019,1,0,Email
1020,1,1,WhatsApp
1021,0,0,Email
1022,1,0,WhatsApp
1023,1,0,Email
1024,0,0,WhatsApp
1025,0,0,Email
1026,0,0,WhatsApp
1027,1,0,Email
1028,1,0,WhatsApp
1029,0,1,Email
1030,1,0,WhatsApp
1031,1,1,Email
1032,0,0,WhatsApp
1033,1,0,Email
1034,1,0,WhatsApp
1035,1,1,Email
1036,1,0,WhatsApp
1037,1,0,Email
1038,1,1,WhatsApp
1039,0,0,Email
1040,0,0,WhatsApp
1041,0,0,Email
1042,0,0,WhatsApp
1043,0,0,Email
1044,0,0,WhatsApp
1045,1,1,Email
1046,1,0,WhatsApp
1047,0,0,Email
1048,0,0,WhatsApp
1049,1,0,Email
1050,1,0,WhatsApp
1051,0,0,Email
1052,0,0,WhatsApp
1053,1,1,Email
1054,0,0,WhatsApp
1055,0,0,Email
1056,0,0,WhatsApp
1057,1,1,Email
1058,1,0,WhatsApp
1059,0,0,Email
1060,1,0,WhatsApp
1061,0,0,Email
1062,0,0,WhatsApp
1063,0,0,Email
1064,1,1,WhatsApp
1065,1,0,Email
1066,0,0,WhatsApp
1067,1,0,Email
1068,1,1,WhatsApp
1069,0,0,Email
1070,1,1,WhatsApp
1071,1,0,Email
1072,1,0,WhatsApp
1073,1,1,Email
1074,0,0,WhatsApp
1075,0,0,Email
1076,1,1,WhatsApp
1077,1,0,Email
1078,0,0,WhatsApp
1079,1,0,Email
1080,0,0,WhatsApp
1081,0,0,Email
1082,1,1,WhatsApp
1083,0,0,Email
1084,1,1,WhatsApp
1085,1,0,Email
1086,0,0,WhatsApp
1087,0,0,Email
1088,1,1,WhatsApp
1089,0,1,Email
1090,1,1,WhatsApp
1091,1,0,Email
1092,1,0,WhatsApp
1093,0,0,Email
1094,1,0,WhatsApp
1095,0,1,Email
1096,0,0,WhatsApp
1097,1,0,Email
1098,0,0,WhatsApp
1099,1,0,Email
1100,0,0,WhatsApp
1101,0,0,Email
1102,0,0,WhatsApp
1103,0,0,Email
1104,1,1,WhatsApp
1105,1,1,Email
1106,0,0,WhatsApp
1107,1,0,Email
1108,1,1,WhatsApp
1109,1,1,Email
1110,1,0,WhatsApp
1111,1,1,Email
1112,1,1,WhatsApp
1113,1,0,Email
1114,1,1,WhatsApp
1115,1,1,Email
1116,1,1,WhatsApp
1117,0,0,Email
1118,1,0,WhatsApp
1119,1,0,Email
1120,0,0,WhatsApp
1121,0,0,Email
1122,0,0,WhatsApp
1123,1,0,Email
1124,0,0,WhatsApp
1125,0,0,Email
1126,1,0,WhatsApp
1127,1,1,Email
1128,0,0,WhatsApp
1129,0,0,Email
1130,1,1,WhatsApp
1131,1,0,Email
1132,0,0,WhatsApp
1133,1,1,Email
1134,0,0,WhatsApp
1135,0,0,Email
1136,1,0,WhatsApp
1137,1,0,Email
1138,1,0,WhatsApp
1139,1,0,Email
1140,1,1,WhatsApp
1141,1,0,Email
1142,1,1,WhatsApp
1143,1,1,Email
1144,1,1,WhatsApp
1145,1,1,Email
1146,1,0,WhatsApp
1147,1,1,Email
1148,0,0,WhatsApp
1149,1,0,Email
1150,1,1,WhatsApp
1151,0,0,Email
1152,0,0,WhatsApp
1153,0,0,Email
1154,1,0,WhatsApp
1155,0,0,Email
1156,0,0,WhatsApp
1157,0,0,Email
1158,1,0,WhatsApp
1159,0,0,Email
1160,1,0,WhatsApp
1161,0,0,Email
1162,0,0,WhatsApp
1163,0,0,Email
1164,1,0,WhatsApp
1165,1,0,Email
1166,1,1,WhatsApp
1167,0,0,Email
1168,1,0,WhatsApp
1169,1,0,Email
1170,1,0,WhatsApp
1171,0,0,Email
1172,1,1,WhatsApp
1173,1,1,Email
1174,1,0,WhatsApp
1175,0,0,Email
1176,0,0,WhatsApp
1177,0,0,Email
1178,1,1,WhatsApp
1179,0,0,Email
1180,1,0,WhatsApp
1181,0,0,Email
1182,0,0,WhatsApp
1183,0,0,Email
1184,1,1,WhatsApp
1185,1,0,Email
1186,0,0,WhatsApp
1187,1,1,Email
1188,1,0,WhatsApp
1189,1,0,Email
1190,0,0,WhatsApp
1191,1,1,Email
1192,0,0,WhatsApp
1193,0,0,Email
1194,1,1,WhatsApp
1195,1,1,Email
1196,1,0,WhatsApp
1197,0,0,Email
1198,0,0,WhatsApp
1199,0,1,Email
1200,1,0,WhatsApp
1201,0,0,Email
1202,0,0,WhatsApp
1203,1,1,Email
1204,1,0,WhatsApp
1205,0,0,Email
1206,1,1,WhatsApp
1207,1,0,Email
1208,1,1,WhatsApp
1209,0,0,Email
1210,0,0,WhatsApp
1211,1,1,Email
1212,1,0,WhatsApp
1213,0,0,Email
1214,0,0,WhatsApp
1215,1,1,Email
1216,0,0,WhatsApp
1217,1,1,Email
1218,1,0,WhatsApp
1219,1,1,Email
1220,0,1,WhatsApp
1221,0,0,Email
1222,1,0,WhatsApp
1223,1,1,Email
1224,1,0,WhatsApp
1225,0,0,Email
1226,1,1,WhatsApp
1227,1,0,Email
1228,1,0,WhatsApp
1229,1,0,Email
1230,1,0,WhatsApp
1231,1,0,Email
1232,0,0,WhatsApp
1233,0,0,Email
1234,0,0,WhatsApp
1235,0,0,Email
1236,1,0,WhatsApp
1237,1,1,Email
1238,1,1,WhatsApp
1239,0,1,Email
1240,0,0,WhatsApp
1241,0,0,Email
1242,1,1,WhatsApp
1243,1,1,Email
1244,0,0,WhatsApp
1245,0,0,Email
1246,1,0,WhatsApp
1247,1,0,Email
1248,1,0,WhatsApp
1249,1,1,Email
1250,1,0,WhatsApp
1251,1,1,Email
1252,1,0,WhatsApp
1253,1,0,Email
1254,1,1,WhatsApp
1255,0,0,Email
1256,0,0,WhatsApp
1257,0,0,Email
1258,0,0,WhatsApp
1259,0,0,Email
1260,0,0,WhatsApp
1261,0,0,Email
1262,0,0,WhatsApp
1263,1,0,Email
1264,0,0,WhatsApp
1265,0,0,Email
1266,1,0,WhatsApp
1267,0,0,Email
1268,1,0,WhatsApp
1269,0,1,Email
1270,0,0,WhatsApp
1271,1,0,Email
1272,0,0,WhatsApp
1273,1,0,Email
1274,0,0,WhatsApp
1275,1,1,Email
1276,0,0,WhatsApp
1277,1,0,Email
1278,0,0,WhatsApp
1279,0,0,Email
1280,0,0,WhatsApp
1281,0,0,Email
1282,0,0,WhatsApp
1283,1,0,Email
1284,1,1,WhatsApp
1285,0,0,Email
1286,1,1,WhatsApp
1287,1,0,Email
1288,0,0,WhatsApp
1289,0,0,Email
1290,1,0,WhatsApp
1291,0,0,Email
1292,0,0,WhatsApp
1293,1,1,Email
1294,1,0,WhatsApp
1295,0,0,Email
1296,0,0,WhatsApp
1297,0,0,Email
1298,1,1,WhatsApp
1299,0,0,Email
1300,1,0,WhatsApp
1301,1,1,Email
1302,0,0,WhatsApp
1303,1,0,Email
1304,0,0,WhatsApp
1305,0,0,Email
1306,1,1,WhatsApp
1307,0,0,Email
1308,0,0,WhatsApp
1309,0,0,Email
1310,1,1,WhatsApp
1311,0,0,Email
1312,1,1,WhatsApp
1313,0,0,Email
1314,0,0,WhatsApp
1315,1,0,Email
1316,0,0,WhatsApp
1317,1,0,Email
1318,0,0,WhatsApp
1319,0,0,Email
1320,1,0,WhatsApp
1321,1,1,Email
1322,1,0,WhatsApp
1323,1,0,Email
1324,0,1,WhatsApp
1325,1,1,Email
1326,0,0,WhatsApp
1327,1,0,Email
1328,1,0,WhatsApp
1329,1,0,Email
1330,0,0,WhatsApp
1331,0,0,Email
1332,1,0,WhatsApp
1333,0,0,Email
1334,1,1,WhatsApp
1335,0,0,Email
1336,1,1,WhatsApp
1337,1,0,Email
1338,0,0,WhatsApp
1339,1,0,Email
1340,0,0,WhatsApp
1341,0,0,Email
1342,0,0,WhatsApp
1343,1,1,Email
1344,1,0,WhatsApp
1345,0,0,Email
1346,0,0,WhatsApp
1347,1,1,Email
1348,0,0,WhatsApp
1349,0,0,Email
1350,0,0,WhatsApp
1351,0,0,Email
1352,0,0,WhatsApp
1353,1,1,Email
1354,1,0,WhatsApp
1355,1,1,Email
1356,1,1,WhatsApp
1357,1,0,Email
1358,0,1,WhatsApp
1359,0,1,Email
1360,0,0,WhatsApp
1361,1,1,Email
1362,0,0,WhatsApp
1363,1,0,Email
1364,1,0,WhatsApp
1365,0,0,Email
1366,1,0,WhatsApp
1367,0,0,Email
1368,0,0,WhatsApp
1369,1,0,Email
1370,0,0,WhatsApp
1371,1,1,Email
1372,1,0,WhatsApp
1373,0,0,Email
1374,1,0,WhatsApp
1375,1,0,Email
1376,1,1,WhatsApp
1377,0,0,Email
1378,0,0,WhatsApp
1379,1,0,Email
1380,0,0,WhatsApp
1381,0,0,Email
1382,1,0,WhatsApp
1383,1,1,Email
1384,1,0,WhatsApp
1385,0,0,Email
1386,0,0,WhatsApp
1387,1,0,Email
1388,0,0,WhatsApp
1389,0,0,Email
1390,1,1,WhatsApp
1391,1,0,Email
1392,1,1,WhatsApp
1393,1,0,Email
1394,0,0,WhatsApp
1395,1,0,Email
1396,1,1,WhatsApp
1397,1,0,Email
1398,0,0,WhatsApp
1399,0,0,Email
1400,1,1,WhatsApp
1401,0,0,Email
1402,1,0,WhatsApp
1403,0,0,Email
1404,0,0,WhatsApp
1405,1,0,Email
1406,1,0,WhatsApp
1407,1,1,Email
1408,1,0,WhatsApp
1409,1,1,Email
1410,0,0,WhatsApp
1411,0,1,Email
1412,1,1,WhatsApp
1413,1,0,Email
1414,1,1,WhatsApp
1415,1,0,Email
1416,1,0,WhatsApp
1417,1,1,Email
1418,0,0,WhatsApp
1419,1,0,Email
1420,0,0,WhatsApp
1421,0,0,Email
1422,0,0,WhatsApp
1423,1,0,Email
1424,1,0,WhatsApp
1425,1,0,Email
1426,0,0,WhatsApp
1427,0,0,Email
1428,0,0,WhatsApp
1429,0,0,Email
1430,1,0,WhatsApp
1431,0,0,Email
1432,1,1,WhatsApp
1433,1,0,Email
1434,1,0,WhatsApp
1435,1,0,Email
1436,1,0,WhatsApp
1437,0,0,Email
1438,1,1,WhatsApp
1439,1,0,Email
1440,1,0,WhatsApp
1441,1,1,Email
1442,1,1,WhatsApp
1443,0,0,Email
1444,1,0,WhatsApp
1445,0,0,Email
1446,0,0,WhatsApp
1447,0,0,Email
1448,1,1,WhatsApp
1449,1,0,Email
1450,1,1,WhatsApp
1451,1,1,Email
1452,1,0,WhatsApp
1453,0,0,Email
1454,0,0,WhatsApp
1455,0,0,Email
1456,0,0,WhatsApp
1457,0,0,Email
1458,1,0,WhatsApp
1459,1,1,Email
1460,0,0,WhatsApp
1461,1,0,Email
1462,1,0,WhatsApp
1463,0,0,Email
1464,0,1,WhatsApp
1465,0,0,Email
1466,0,0,WhatsApp
1467,0,0,Email
1468,0,0,WhatsApp
1469,0,0,Email
1470,1,0,WhatsApp
1471,1,1,Email
1472,1,0,WhatsApp
1473,1,0,Email
1474,0,0,WhatsApp
1475,0,0,Email
1476,1,1,WhatsApp
1477,1,1,Email
1478,0,0,WhatsApp
1479,1,1,Email
1480,1,1,WhatsApp
1481,0,1,Email
1482,0,0,WhatsApp
1483,0,0,Email
1484,1,1,WhatsApp
1485,1,0,Email
1486,0,0,WhatsApp
1487,1,0,Email
1488,0,0,WhatsApp
1489,0,0,Email
1490,0,1,WhatsApp
1491,1,0,Email
1492,0,0,WhatsApp
1493,1,0,Email
1494,0,0,WhatsApp
1495,1,1,Email
1496,0,0,WhatsApp
1497,1,0,Email
1498,0,1,WhatsApp
1499,0,1,Email
1500,0,0,WhatsApp
1501,0,1,Email
1502,0,0,WhatsApp
1503,0,0,Email
1504,0,0,WhatsApp
1505,1,0,Email
1506,1,1,WhatsApp
1507,1,0,Email
1508,1,0,WhatsApp
1509,1,0,Email
1510,0,0,WhatsApp
1511,1,1,Email
1512,0,0,WhatsApp
1513,1,1,Email
1514,1,0,WhatsApp
1515,1,1,Email
1516,0,0,WhatsApp
1517,0,1,Email
1518,0,0,WhatsApp
1519,1,0,Email
1520,0,0,WhatsApp
1521,0,1,Email
1522,1,0,WhatsApp
1523,1,1,Email
1524,0,0,WhatsApp
1525,1,0,Email
1526,1,0,WhatsApp
1527,0,0,Email
1528,1,1,WhatsApp
1529,1,1,Email
1530,1,0,WhatsApp
1531,1,1,Email
1532,1,1,WhatsApp
1533,0,0,Email
1534,0,1,WhatsApp
1535,0,0,Email
1536,0,1,WhatsApp
1537,0,0,Email
1538,1,0,WhatsApp
1539,0,0,Email
1540,0,0,WhatsApp
1541,1,0,Email
1542,1,0,WhatsApp
1543,0,0,Email
1544,0,0,WhatsApp
1545,0,0,Email
1546,0,0,WhatsApp
1547,1,1,Email
1548,1,1,WhatsApp
1549,1,0,Email
1550,0,0,WhatsApp
1551,1,1,Email
1552,0,0,WhatsApp
1553,1,0,Email
1554,0,1,WhatsApp
1555,0,0,Email
1556,0,0,WhatsApp
1557,1,1,Email
1558,0,0,WhatsApp
1559,0,1,Email
1560,0,0,WhatsApp
1561,1,0,Email
1562,1,1,WhatsApp
1563,0,1,Email
1564,0,0,WhatsApp
1565,1,0,Email
1566,0,0,WhatsApp
1567,1,1,Email
1568,0,0,WhatsApp
1569,0,1,Email
1570,1,0,WhatsApp
1571,1,1,Email
1572,0,0,WhatsApp
1573,1,0,Email
1574,1,0,WhatsApp
1575,0,0,Email
1576,1,0,WhatsApp
1577,1,1,Email
1578,0,0,WhatsApp
1579,0,1,Email
1580,0,0,WhatsApp
1581,1,0,Email
1582,1,1,WhatsApp
1583,1,0,Email
1584,0,0,WhatsApp
1585,1,1,Email
1586,0,0,WhatsApp
1587,1,1,Email
1588,1,0,WhatsApp
1589,1,0,Email
1590,1,0,WhatsApp
1591,0,0,Email
1592,1,0,WhatsApp
1593,0,0,Email
1594,0,0,WhatsApp
1595,0,1,Email
1596,0,0,WhatsApp
1597,0,0,Email
1598,0,0,WhatsApp
1599,0,0,Email
1600,0,0,WhatsApp
1601,1,0,Email
1602,0,0,WhatsApp
1603,1,0,Email
1604,1,1,WhatsApp
1605,0,0,Email
1606,1,0,WhatsApp
1607,0,0,Email
1608,0,0,WhatsApp
1609,1,0,Email
1610,1,1,WhatsApp
1611,1,0,Email
1612,1,0,WhatsApp
1613,0,1,Email
1614,0,0,WhatsApp
1615,1,1,Email
1616,0,0,WhatsApp
1617,1,0,Email
1618,0,0,WhatsApp
1619,0,0,Email
1620,0,0,WhatsApp
1621,1,0,Email
1622,0,0,WhatsApp
1623,0,1,Email
1624,0,0,WhatsApp
1625,0,0,Email
1626,1,1,WhatsApp
1627,0,0,Email
1628,1,1,WhatsApp
1629,0,0,Email
1630,1,0,WhatsApp
1631,0,0,Email
1632,1,1,WhatsApp
1633,0,0,Email
1634,1,0,WhatsApp
1635,0,0,Email
1636,0,0,WhatsApp
1637,0,0,Email
1638,1,0,WhatsApp
1639,1,0,Email
1640,0,1,WhatsApp
1641,1,1,Email
1642,1,0,WhatsApp
1643,1,0,Email
1644,0,1,WhatsApp
1645,0,0,Email
1646,0,0,WhatsApp
1647,1,0,Email
1648,0,0,WhatsApp
1649,1,0,Email
1650,0,1,WhatsApp
1651,0,0,Email
1652,1,1,WhatsApp
1653,1,0,Email
1654,0,1,WhatsApp
1655,1,0,Email
1656,1,1,WhatsApp
1657,0,0,Email
1658,0,0,WhatsApp
1659,1,0,Email
1660,1,1,WhatsApp
1661,0,0,Email
1662,1,0,WhatsApp
1663,1,0,Email
1664,0,0,WhatsApp
1665,1,0,Email
1666,1,0,WhatsApp
1667,0,0,Email
1668,0,0,WhatsApp
1669,0,0,Email
1670,0,0,WhatsApp
1671,0,0,Email
1672,0,0,WhatsApp
1673,1,0,Email
1674,1,1,WhatsApp
1675,0,0,Email
1676,0,0,WhatsApp
1677,0,0,Email
1678,0,0,WhatsApp
1679,1,0,Email
1680,0,0,WhatsApp
1681,1,0,Email
1682,1,0,WhatsApp
1683,0,0,Email
1684,0,0,WhatsApp
1685,1,1,Email
1686,1,0,WhatsApp
1687,1,1,Email
1688,0,0,WhatsApp
1689,1,1,Email
1690,0,0,WhatsApp
1691,1,0,Email
1692,1,0,WhatsApp
1693,0,1,Email
1694,1,1,WhatsApp
1695,0,0,Email
1696,1,1,WhatsApp
1697,1,0,Email
1698,0,1,WhatsApp
1699,1,1,Email
1700,1,0,WhatsApp
1701,1,0,Email
1702,1,0,WhatsApp
1703,0,0,Email
1704,1,1,WhatsApp
1705,1,1,Email
1706,1,0,WhatsApp
1707,0,0,Email
1708,1,1,WhatsApp
1709,1,0,Email
1710,1,0,WhatsApp
1711,0,0,Email
1712,0,0,WhatsApp
1713,1,0,Email
1714,0,0,WhatsApp
1715,0,0,Email
1716,0,0,WhatsApp
1717,1,0,Email
1718,1,1,WhatsApp
1719,1,1,Email
1720,1,0,WhatsApp
1721,1,1,Email
1722,1,0,WhatsApp
1723,0,0,Email
1724,1,0,WhatsApp
1725,0,0,Email
1726,0,0,WhatsApp
1727,0,0,Email
1728,0,0,WhatsApp
1729,0,0,Email
1730,0,0,WhatsApp
1731,1,0,Email
1732,1,1,WhatsApp
1733,0,0,Email
1734,1,1,WhatsApp
1735,1,0,Email
1736,0,0,WhatsApp
1737,1,0,Email
1738,0,0,WhatsApp
1739,0,0,Email
1740,1,0,WhatsApp
1741,0,0,Email
1742,1,1,WhatsApp
1743,1,1,Email
1744,0,0,WhatsApp
1745,1,0,Email
1746,0,0,WhatsApp
1747,1,0,Email
1748,0,1,WhatsApp
1749,0,1,Email
1750,0,0,WhatsApp
1751,1,1,Email
1752,0,0,WhatsApp
1753,0,0,Email
1754,1,1,WhatsApp
1755,0,0,Email
1756,0,0,WhatsApp
1757,1,0,Email
1758,0,0,WhatsApp
1759,0,0,Email
1760,0,0,WhatsApp
1761,0,0,Email
1762,0,0,WhatsApp
1763,1,0,Email
1764,0,0,WhatsApp
1765,1,0,Email
1766,0,0,WhatsApp
1767,1,0,Email
1768,0,0,WhatsApp
1769,1,1,Email
1770,1,1,WhatsApp
1771,1,1,Email
1772,0,0,WhatsApp
1773,0,0,Email
1774,0,0,WhatsApp
1775,1,1,Email
1776,1,0,WhatsApp
1777,0,0,Email
1778,1,1,WhatsApp
1779,1,0,Email
1780,1,1,WhatsApp
1781,1,1,Email
1782,0,0,WhatsApp
1783,1,1,Email
1784,0,0,WhatsApp
1785,0,0,Email
1786,1,1,WhatsApp
1787,0,0,Email
1788,1,1,WhatsApp
1789,1,0,Email
1790,1,1,WhatsApp
1791,1,1,Email
1792,0,0,WhatsApp
1793,0,0,Email
1794,0,0,WhatsApp
1795,0,1,Email
1796,0,0,WhatsApp
1797,1,0,Email
1798,0,0,WhatsApp
1799,0,0,Email
1800,1,0,WhatsApp
1801,0,0,Email
1802,0,0,WhatsApp
1803,1,0,Email
1804,1,0,WhatsApp
1805,1,1,Email
1806,0,0,WhatsApp
1807,1,0,Email
1808,0,0,WhatsApp
1809,0,0,Email
1810,1,0,WhatsApp
1811,1,0,Email
1812,0,0,WhatsApp
1813,0,0,Email
1814,1,1,WhatsApp
1815,1,1,Email
1816,0,0,WhatsApp
1817,1,1,Email
1818,0,0,WhatsApp
1819,1,0,Email
1820,0,0,WhatsApp
1821,0,0,Email
1822,0,0,WhatsApp
1823,1,1,Email
1824,1,1,WhatsApp
1825,0,1,Email
1826,0,0,WhatsApp
1827,0,1,Email
1828,1,0,WhatsApp
1829,0,0,Email
1830,0,0,WhatsApp
1831,0,0,Email
1832,1,1,WhatsApp
1833,1,1,Email
1834,1,1,WhatsApp
1835,1,1,Email
1836,0,0,WhatsApp
1837,1,0,Email
1838,1,0,WhatsApp
1839,1,0,Email
1840,0,0,WhatsApp
1841,0,0,Email
1842,0,0,WhatsApp
1843,1,1,Email
1844,1,0,WhatsApp
1845,1,0,Email
1846,1,0,WhatsApp
1847,1,1,Email
1848,0,1,WhatsApp
1849,1,0,Email
1850,0,1,WhatsApp
1851,1,0,Email
1852,1,0,WhatsApp
1853,0,0,Email
1854,0,0,WhatsApp
1855,0,0,Email
1856,1,1,WhatsApp
1857,0,0,Email
1858,1,0,WhatsApp
1859,1,0,Email
1860,1,1,WhatsApp
1861,0,0,Email
1862,0,0,WhatsApp
1863,1,1,Email
1864,0,0,WhatsApp
1865,1,0,Email
1866,1,0,WhatsApp
1867,0,0,Email
1868,0,0,WhatsApp
1869,1,1,Email
1870,1,0,WhatsApp
1871,0,0,Email
1872,1,1,WhatsApp
1873,0,0,Email
1874,0,0,WhatsApp
1875,1,0,Email
1876,1,1,WhatsApp
1877,1,0,Email
1878,1,0,WhatsApp
1879,1,0,Email
1880,1,0,WhatsApp
1881,0,0,Email
1882,1,0,WhatsApp
1883,0,0,Email
1884,0,0,WhatsApp
1885,0,1,Email
1886,1,1,WhatsApp
1887,1,0,Email
1888,0,1,WhatsApp
1889,1,0,Email
1890,1,1,WhatsApp
1891,1,1,Email
1892,1,1,WhatsApp
1893,1,0,Email
1894,1,1,WhatsApp
1895,1,1,Email
1896,1,0,WhatsApp
1897,0,0,Email
1898,1,0,WhatsApp
1899,0,0,Email
1900,1,1,WhatsApp
1901,0,1,Email
1902,1,0,WhatsApp
1903,1,1,Email
1904,0,0,WhatsApp
1905,0,0,Email
1906,0,0,WhatsApp
1907,1,1,Email
1908,0,0,WhatsApp
1909,0,0,Email
1910,1,0,WhatsApp
1911,0,0,Email
1912,0,0,WhatsApp
1913,0,0,Email
1914,0,0,WhatsApp
1915,0,0,Email
1916,0,0,WhatsApp
1917,0,0,Email
1918,0,0,WhatsApp
1919,1,0,Email
1920,1,1,WhatsApp
1921,1,1,Email
1922,0,0,WhatsApp
1923,0,0,Email
1924,1,0,WhatsApp
1925,1,1,Email
1926,1,1,WhatsApp
1927,1,0,Email
1928,0,0,WhatsApp
1929,1,0,Email
1930,1,1,WhatsApp
1931,0,0,Email
1932,0,0,WhatsApp
1933,0,0,Email
1934,0,0,WhatsApp
1935,0,0,Email
1936,0,0,WhatsApp
1937,0,0,Email
1938,1,0,WhatsApp
1939,1,0,Email
1940,0,0,WhatsApp
1941,0,0,Email
1942,0,0,WhatsApp
1943,1,0,Email
1944,1,0,WhatsApp
1945,1,0,Email
1946,0,0,WhatsApp
1947,1,1,Email
1948,0,0,WhatsApp
1949,1,0,Email
1950,1,0,WhatsApp
1951,0,0,Email
1952,0,0,WhatsApp
1953,0,0,Email
1954,0,0,WhatsApp
1955,1,1,Email
1956,1,1,WhatsApp
1957,0,0,Email
1958,0,0,WhatsApp
1959,0,0,Email
1960,0,0,WhatsApp
1961,1,1,Email
1962,1,0,WhatsApp
1963,0,0,Email
1964,1,0,WhatsApp
1965,1,0,Email
1966,0,0,WhatsApp
1967,1,0,Email
1968,1,0,WhatsApp
1969,0,0,Email
1970,1,0,WhatsApp
1971,1,1,Email
1972,0,0,WhatsApp
1973,1,1,Email
1974,0,1,WhatsApp
1975,1,1,Email
1976,0,0,WhatsApp
1977,0,0,Email
1978,0,1,WhatsApp
1979,0,0,Email
1980,0,0,WhatsApp
1981,0,0,Email
1982,1,0,WhatsApp
1983,1,0,Email
1984,1,1,WhatsApp
1985,0,0,Email
1986,1,0,WhatsApp
1987,1,1,Email
1988,0,0,WhatsApp
1989,1,1,Email
1990,0,0,WhatsApp
1991,0,0,Email
1992,1,1,WhatsApp
1993,1,0,Email
1994,0,0,WhatsApp
1995,0,1,Email
1996,1,0,WhatsApp
1997,0,0,Email
1998,1,1,WhatsApp
1999,0,0,Email
2000,1,1,WhatsApp
2001,1,1,Email
2002,1,0,WhatsApp
2003,0,0,Email
2004,1,0,WhatsApp
2005,0,1,Email
2006,1,1,WhatsApp
2007,1,0,Email
2008,1,1,WhatsApp
2009,1,0,Email
2010,0,0,WhatsApp
2011,1,1,Email
2012,0,0,WhatsApp
2013,0,0,Email
2014,1,1,WhatsApp
2015,0,0,Email
2016,1,1,WhatsApp
2017,1,0,Email
2018,0,1,WhatsApp
2019,0,0,Email
2020,0,0,WhatsApp
2021,1,0,Email
2022,0,0,WhatsApp
2023,1,1,Email
2024,1,0,WhatsApp
2025,1,0,Email
2026,0,1,WhatsApp
2027,1,1,Email
2028,1,1,WhatsApp
2029,0,0,Email
2030,1,0,WhatsApp
2031,0,0,Email
2032,0,0,WhatsApp
2033,1,1,Email
2034,1,1,WhatsApp
2035,0,1,Email
2036,0,0,WhatsApp
2037,0,0,Email
2038,1,1,WhatsApp
2039,1,0,Email
2040,0,0,WhatsApp
2041,0,0,Email
2042,1,1,WhatsApp
2043,1,1,Email
2044,0,0,WhatsApp
2045,0,0,Email
2046,0,0,WhatsApp
2047,0,0,Email
2048,1,1,WhatsApp
2049,0,0,Email
2050,1,1,WhatsApp
2051,1,0,Email
2052,0,0,WhatsApp
2053,0,0,Email
2054,1,0,WhatsApp
2055,0,0,Email
2056,0,0,WhatsApp
2057,0,0,Email
2058,0,0,WhatsApp
2059,0,1,Email
2060,0,0,WhatsApp
2061,0,0,Email
2062,0,0,WhatsApp
2063,0,0,Email
2064,0,1,WhatsApp
2065,0,0,Email
2066,1,0,WhatsApp
2067,1,0,Email
2068,0,0,WhatsApp
2069,0,0,Email
2070,1,1,WhatsApp
2071,0,0,Email
2072,1,0,WhatsApp
2073,0,0,Email
2074,1,0,WhatsApp
2075,0,0,Email
2076,1,0,WhatsApp
2077,0,0,Email
2078,1,1,WhatsApp
2079,0,0,Email
2080,0,0,WhatsApp
2081,0,0,Email
2082,1,0,WhatsApp
2083,1,0,Email
2084,1,0,WhatsApp
2085,1,1,Email
2086,0,0,WhatsApp
2087,1,1,Email
2088,1,0,WhatsApp
2089,0,0,Email
2090,0,1,WhatsApp
2091,1,1,Email
2092,0,0,WhatsApp
2093,0,0,Email
2094,0,0,WhatsApp
2095,0,0,Email
2096,1,0,WhatsApp
2097,1,0,Email
2098,1,0,WhatsApp
2099,1,1,Email
2100,0,0,WhatsApp
